species,sepal_length_Mean,sepal_length_Median,sepal_length_Std,petal_length_Mean,petal_length_Median,petal_length_Std,sepal_width_Mean,sepal_width_Median,sepal_width_Std,petal_width_Mean,petal_width_Median,petal_width_Std
setosa,5.005999999999999,5.0,0.3524896872134513,1.464,1.5,0.1735111594364455,3.4180000000000006,3.4,0.38102439795469095,0.2439999999999999,0.2,0.1072095030816784
versicolor,5.936,5.9,0.5161711470638635,4.26,4.35,0.46991097723995784,2.7700000000000005,2.8,0.3137983233784114,1.3259999999999998,1.3,0.19775268000454407
virginica,6.587999999999998,6.5,0.635879593274432,5.552,5.55,0.5518946956639835,2.9739999999999998,3.0,0.3224966381726375,2.026,2.0,0.27465005563666745
